ts,action_type,payload
2025-10-22 15:10:59,control_received,"{""action"": ""normal"", ""speed_limit"": 60}"
2025-10-22 15:11:04,control_received,"{""action"": ""normal"", ""speed_limit"": 60}"
2025-10-22 15:11:04,control_received,"{""action"": ""normal"", ""speed_limit"": 60}"
2025-10-22 15:11:09,control_received,"{""action"": ""normal"", ""speed_limit"": 60}"
2025-10-22 15:11:14,control_received,"{""action"": ""normal"", ""speed_limit"": 60}"
2025-10-22 15:11:19,control_received,"{""action"": ""priority_mode"", ""signal"": ""green"", ""speed_limit"": 30}"
2025-10-22 15:11:24,control_received,"{""action"": ""normal"", ""speed_limit"": 60}"
2025-10-22 15:11:29,control_received,"{""action"": ""priority_mode"", ""signal"": ""green"", ""speed_limit"": 30}"
2025-10-22 15:11:34,control_received,"{""action"": ""normal"", ""speed_limit"": 60}"
2025-10-22 15:11:34,control_received,"{""action"": ""normal"", ""speed_limit"": 60}"
2025-10-22 15:11:39,control_received,"{""action"": ""normal"", ""speed_limit"": 60}"
2025-10-22 15:11:44,control_received,"{""action"": ""priority_mode"", ""signal"": ""green"", ""speed_limit"": 30}"
2025-10-22 15:11:44,control_received,"{""action"": ""priority_mode"", ""signal"": ""green"", ""speed_limit"": 30}"
2025-10-22 15:11:49,control_received,"{""action"": ""normal"", ""speed_limit"": 60}"
2025-10-22 15:11:54,control_received,"{""action"": ""normal"", ""speed_limit"": 60}"
2025-10-22 15:11:59,control_received,"{""action"": ""reduce_speed"", ""speed_limit"": 45}"
2025-10-22 15:12:04,control_received,"{""action"": ""normal"", ""speed_limit"": 60}"
2025-10-22 15:12:09,control_received,"{""action"": ""reduce_speed"", ""speed_limit"": 45}"
2025-10-22 15:12:14,control_received,"{""action"": ""reduce_speed"", ""speed_limit"": 45}"
2025-10-22 15:12:19,control_received,"{""action"": ""normal"", ""speed_limit"": 60}"
2025-10-22 15:12:24,control_received,"{""action"": ""priority_mode"", ""signal"": ""green"", ""speed_limit"": 30}"
2025-10-22 15:12:29,control_received,"{""action"": ""normal"", ""speed_limit"": 60}"
2025-10-22 15:12:34,control_received,"{""action"": ""priority_mode"", ""signal"": ""green"", ""speed_limit"": 30}"
2025-10-22 15:12:39,control_received,"{""action"": ""normal"", ""speed_limit"": 60}"
2025-10-22 15:12:39,control_received,"{""action"": ""normal"", ""speed_limit"": 60}"
2025-10-22 15:12:44,control_received,"{""action"": ""priority_mode"", ""signal"": ""green"", ""speed_limit"": 30}"
2025-10-22 15:12:49,control_received,"{""action"": ""normal"", ""speed_limit"": 60}"
2025-10-22 15:12:54,control_received,"{""action"": ""normal"", ""speed_limit"": 60}"
2025-10-22 15:12:59,control_received,"{""action"": ""priority_mode"", ""signal"": ""green"", ""speed_limit"": 30}"
2025-10-22 15:13:04,control_received,"{""action"": ""normal"", ""speed_limit"": 60}"
2025-10-22 15:13:09,control_received,"{""action"": ""normal"", ""speed_limit"": 60}"
2025-10-22 15:13:09,control_received,"{""action"": ""normal"", ""speed_limit"": 60}"
2025-10-22 15:13:14,control_received,"{""action"": ""reduce_speed"", ""speed_limit"": 45}"
2025-10-22 15:13:19,control_received,"{""action"": ""normal"", ""speed_limit"": 60}"
2025-10-22 15:13:24,control_received,"{""action"": ""priority_mode"", ""signal"": ""green"", ""speed_limit"": 30}"
2025-10-22 15:13:29,control_received,"{""action"": ""reduce_speed"", ""speed_limit"": 45}"
2025-10-22 15:13:34,control_received,"{""action"": ""normal"", ""speed_limit"": 60}"
2025-10-22 15:13:39,control_received,"{""action"": ""normal"", ""speed_limit"": 60}"
2025-10-22 15:13:44,control_received,"{""action"": ""priority_mode"", ""signal"": ""green"", ""speed_limit"": 30}"
2025-10-22 15:13:49,control_received,"{""action"": ""priority_mode"", ""signal"": ""green"", ""speed_limit"": 30}"
2025-10-22 15:13:54,control_received,"{""action"": ""normal"", ""speed_limit"": 60}"
2025-10-22 15:13:59,control_received,"{""action"": ""normal"", ""speed_limit"": 60}"
2025-10-22 15:14:04,control_received,"{""action"": ""reduce_speed"", ""speed_limit"": 45}"
2025-10-22 15:14:09,control_received,"{""action"": ""normal"", ""speed_limit"": 60}"
2025-10-22 15:14:14,control_received,"{""action"": ""normal"", ""speed_limit"": 60}"
2025-10-22 15:14:19,control_received,"{""action"": ""normal"", ""speed_limit"": 60}"
2025-10-22 15:14:24,control_received,"{""action"": ""reduce_speed"", ""speed_limit"": 45}"
2025-10-22 15:14:29,control_received,"{""action"": ""normal"", ""speed_limit"": 60}"
2025-10-22 15:14:34,control_received,"{""action"": ""priority_mode"", ""signal"": ""green"", ""speed_limit"": 30}"
2025-10-22 15:14:39,control_received,"{""action"": ""priority_mode"", ""signal"": ""green"", ""speed_limit"": 30}"
2025-10-22 15:14:44,control_received,"{""action"": ""priority_mode"", ""signal"": ""green"", ""speed_limit"": 30}"
2025-10-22 15:14:49,control_received,"{""action"": ""priority_mode"", ""signal"": ""green"", ""speed_limit"": 30}"
2025-10-22 15:14:54,control_received,"{""action"": ""priority_mode"", ""signal"": ""green"", ""speed_limit"": 30}"
2025-10-22 15:14:59,control_received,"{""action"": ""normal"", ""speed_limit"": 60}"
2025-10-22 15:15:04,control_received,"{""action"": ""reduce_speed"", ""speed_limit"": 45}"
2025-10-22 15:15:09,control_received,"{""action"": ""priority_mode"", ""signal"": ""green"", ""speed_limit"": 30}"
2025-10-22 15:15:14,control_received,"{""action"": ""normal"", ""speed_limit"": 60}"
2025-10-22 15:15:19,control_received,"{""action"": ""normal"", ""speed_limit"": 60}"
2025-10-22 15:15:24,control_received,"{""action"": ""normal"", ""speed_limit"": 60}"
2025-10-22 15:15:29,control_received,"{""action"": ""normal"", ""speed_limit"": 60}"
2025-10-22 15:15:34,control_received,"{""action"": ""reduce_speed"", ""speed_limit"": 45}"
2025-10-22 15:15:39,control_received,"{""action"": ""priority_mode"", ""signal"": ""green"", ""speed_limit"": 30}"
2025-10-22 15:15:44,control_received,"{""action"": ""normal"", ""speed_limit"": 60}"
2025-10-22 15:15:49,control_received,"{""action"": ""normal"", ""speed_limit"": 60}"
2025-10-22 15:15:54,control_received,"{""action"": ""reduce_speed"", ""speed_limit"": 45}"
2025-10-22 15:15:59,control_received,"{""action"": ""normal"", ""speed_limit"": 60}"
2025-10-22 15:16:04,control_received,"{""action"": ""priority_mode"", ""signal"": ""green"", ""speed_limit"": 30}"
2025-10-22 15:16:09,control_received,"{""action"": ""priority_mode"", ""signal"": ""green"", ""speed_limit"": 30}"
2025-10-22 15:16:14,control_received,"{""action"": ""priority_mode"", ""signal"": ""green"", ""speed_limit"": 30}"
2025-10-22 15:16:19,control_received,"{""action"": ""normal"", ""speed_limit"": 60}"
2025-10-22 15:16:24,control_received,"{""action"": ""priority_mode"", ""signal"": ""green"", ""speed_limit"": 30}"
2025-10-22 15:16:29,control_received,"{""action"": ""normal"", ""speed_limit"": 60}"
2025-10-22 15:16:34,control_received,"{""action"": ""normal"", ""speed_limit"": 60}"
2025-10-22 15:16:39,control_received,"{""action"": ""priority_mode"", ""signal"": ""green"", ""speed_limit"": 30}"
2025-10-22 15:16:44,control_received,"{""action"": ""priority_mode"", ""signal"": ""green"", ""speed_limit"": 30}"
2025-10-22 15:16:49,control_received,"{""action"": ""priority_mode"", ""signal"": ""green"", ""speed_limit"": 30}"
2025-10-22 15:16:54,control_received,"{""action"": ""priority_mode"", ""signal"": ""green"", ""speed_limit"": 30}"
2025-10-22 15:16:59,control_received,"{""action"": ""reduce_speed"", ""speed_limit"": 45}"
2025-10-22 15:17:04,control_received,"{""action"": ""priority_mode"", ""signal"": ""green"", ""speed_limit"": 30}"
2025-10-22 15:17:09,control_received,"{""action"": ""priority_mode"", ""signal"": ""green"", ""speed_limit"": 30}"
2025-10-22 15:17:14,control_received,"{""action"": ""priority_mode"", ""signal"": ""green"", ""speed_limit"": 30}"
2025-10-22 15:17:19,control_received,"{""action"": ""reduce_speed"", ""speed_limit"": 45}"
2025-10-22 15:17:24,control_received,"{""action"": ""priority_mode"", ""signal"": ""green"", ""speed_limit"": 30}"
2025-10-22 15:17:29,control_received,"{""action"": ""normal"", ""speed_limit"": 60}"
2025-10-22 15:17:34,control_received,"{""action"": ""normal"", ""speed_limit"": 60}"
2025-10-22 15:17:39,control_received,"{""action"": ""normal"", ""speed_limit"": 60}"
2025-10-22 15:17:44,control_received,"{""action"": ""normal"", ""speed_limit"": 60}"
2025-10-22 15:17:49,control_received,"{""action"": ""normal"", ""speed_limit"": 60}"
2025-10-22 15:17:54,control_received,"{""action"": ""normal"", ""speed_limit"": 60}"
2025-10-22 15:17:59,control_received,"{""action"": ""normal"", ""speed_limit"": 60}"
2025-10-22 15:18:04,control_received,"{""action"": ""priority_mode"", ""signal"": ""green"", ""speed_limit"": 30}"
2025-10-22 15:18:09,control_received,"{""action"": ""reduce_speed"", ""speed_limit"": 45}"
2025-10-22 15:18:14,control_received,"{""action"": ""normal"", ""speed_limit"": 60}"
2025-10-22 15:18:19,control_received,"{""action"": ""priority_mode"", ""signal"": ""green"", ""speed_limit"": 30}"
2025-10-22 15:18:24,control_received,"{""action"": ""priority_mode"", ""signal"": ""green"", ""speed_limit"": 30}"
2025-10-22 15:18:29,control_received,"{""action"": ""normal"", ""speed_limit"": 60}"
2025-10-22 15:18:34,control_received,"{""action"": ""normal"", ""speed_limit"": 60}"
2025-10-22 15:18:39,control_received,"{""action"": ""normal"", ""speed_limit"": 60}"
2025-10-22 15:18:44,control_received,"{""action"": ""reduce_speed"", ""speed_limit"": 45}"
2025-10-22 15:18:49,control_received,"{""action"": ""priority_mode"", ""signal"": ""green"", ""speed_limit"": 30}"
2025-10-22 15:18:54,control_received,"{""action"": ""normal"", ""speed_limit"": 60}"
2025-10-22 15:18:59,control_received,"{""action"": ""normal"", ""speed_limit"": 60}"
2025-10-22 15:19:04,control_received,"{""action"": ""priority_mode"", ""signal"": ""green"", ""speed_limit"": 30}"
2025-10-22 15:19:09,control_received,"{""action"": ""priority_mode"", ""signal"": ""green"", ""speed_limit"": 30}"
2025-10-22 15:19:14,control_received,"{""action"": ""reduce_speed"", ""speed_limit"": 45}"
2025-10-22 15:19:19,control_received,"{""action"": ""normal"", ""speed_limit"": 60}"
2025-10-22 15:19:24,control_received,"{""action"": ""normal"", ""speed_limit"": 60}"
2025-10-22 15:19:29,control_received,"{""action"": ""priority_mode"", ""signal"": ""green"", ""speed_limit"": 30}"
2025-10-22 15:19:34,control_received,"{""action"": ""normal"", ""speed_limit"": 60}"
2025-10-22 15:19:39,control_received,"{""action"": ""normal"", ""speed_limit"": 60}"
2025-10-22 15:19:44,control_received,"{""action"": ""normal"", ""speed_limit"": 60}"
2025-10-22 15:19:49,control_received,"{""action"": ""priority_mode"", ""signal"": ""green"", ""speed_limit"": 30}"
2025-10-22 15:19:54,control_received,"{""action"": ""reduce_speed"", ""speed_limit"": 45}"
2025-10-22 15:19:54,control_received,"{""action"": ""reduce_speed"", ""speed_limit"": 45}"
2025-10-22 15:19:59,control_received,"{""action"": ""normal"", ""speed_limit"": 60}"
2025-10-22 15:20:04,control_received,"{""action"": ""normal"", ""speed_limit"": 60}"
2025-10-22 15:20:09,control_received,"{""action"": ""normal"", ""speed_limit"": 60}"
2025-10-22 15:20:14,control_received,"{""action"": ""priority_mode"", ""signal"": ""green"", ""speed_limit"": 30}"
2025-10-22 15:20:19,control_received,"{""action"": ""reduce_speed"", ""speed_limit"": 45}"
2025-10-22 15:20:24,control_received,"{""action"": ""priority_mode"", ""signal"": ""green"", ""speed_limit"": 30}"
2025-10-22 15:20:29,control_received,"{""action"": ""normal"", ""speed_limit"": 60}"
2025-10-22 15:20:34,control_received,"{""action"": ""normal"", ""speed_limit"": 60}"
2025-10-22 15:20:39,control_received,"{""action"": ""normal"", ""speed_limit"": 60}"
2025-10-22 15:20:44,control_received,"{""action"": ""normal"", ""speed_limit"": 60}"
2025-10-22 15:20:49,control_received,"{""action"": ""priority_mode"", ""signal"": ""green"", ""speed_limit"": 30}"
2025-10-22 15:20:54,control_received,"{""action"": ""normal"", ""speed_limit"": 60}"
2025-10-22 15:20:59,control_received,"{""action"": ""normal"", ""speed_limit"": 60}"
2025-10-22 15:21:04,control_received,"{""action"": ""normal"", ""speed_limit"": 60}"
2025-10-22 15:21:09,control_received,"{""action"": ""normal"", ""speed_limit"": 60}"
2025-10-22 15:21:14,control_received,"{""action"": ""normal"", ""speed_limit"": 60}"
2025-10-22 15:21:19,control_received,"{""action"": ""normal"", ""speed_limit"": 60}"
2025-10-22 15:21:24,control_received,"{""action"": ""priority_mode"", ""signal"": ""green"", ""speed_limit"": 30}"
2025-10-22 15:21:29,control_received,"{""action"": ""priority_mode"", ""signal"": ""green"", ""speed_limit"": 30}"
2025-10-22 15:21:34,control_received,"{""action"": ""priority_mode"", ""signal"": ""green"", ""speed_limit"": 30}"
2025-10-22 15:21:39,control_received,"{""action"": ""priority_mode"", ""signal"": ""green"", ""speed_limit"": 30}"
2025-10-22 15:21:44,control_received,"{""action"": ""priority_mode"", ""signal"": ""green"", ""speed_limit"": 30}"
2025-10-22 15:21:49,control_received,"{""action"": ""priority_mode"", ""signal"": ""green"", ""speed_limit"": 30}"
2025-10-22 15:21:54,control_received,"{""action"": ""priority_mode"", ""signal"": ""green"", ""speed_limit"": 30}"
2025-10-22 15:21:54,control_received,"{""action"": ""priority_mode"", ""signal"": ""green"", ""speed_limit"": 30}"
2025-10-22 15:21:59,control_received,"{""action"": ""normal"", ""speed_limit"": 60}"
2025-10-22 15:22:04,control_received,"{""action"": ""normal"", ""speed_limit"": 60}"
2025-10-22 15:22:09,control_received,"{""action"": ""priority_mode"", ""signal"": ""green"", ""speed_limit"": 30}"
2025-10-22 15:22:14,control_received,"{""action"": ""reduce_speed"", ""speed_limit"": 45}"
2025-10-22 15:22:19,control_received,"{""action"": ""normal"", ""speed_limit"": 60}"
2025-10-22 15:22:24,control_received,"{""action"": ""normal"", ""speed_limit"": 60}"
2025-10-22 15:22:29,control_received,"{""action"": ""normal"", ""speed_limit"": 60}"
2025-10-22 15:22:34,control_received,"{""action"": ""priority_mode"", ""signal"": ""green"", ""speed_limit"": 30}"
2025-10-22 15:22:34,control_received,"{""action"": ""priority_mode"", ""signal"": ""green"", ""speed_limit"": 30}"
2025-10-22 15:22:39,control_received,"{""action"": ""normal"", ""speed_limit"": 60}"
2025-10-22 15:22:44,control_received,"{""action"": ""normal"", ""speed_limit"": 60}"
2025-10-22 15:22:49,control_received,"{""action"": ""normal"", ""speed_limit"": 60}"
2025-10-22 15:22:54,control_received,"{""action"": ""normal"", ""speed_limit"": 60}"
2025-10-22 15:22:59,control_received,"{""action"": ""normal"", ""speed_limit"": 60}"
2025-10-22 15:23:04,control_received,"{""action"": ""normal"", ""speed_limit"": 60}"
2025-10-22 15:23:09,control_received,"{""action"": ""normal"", ""speed_limit"": 60}"
2025-10-22 15:23:14,control_received,"{""action"": ""normal"", ""speed_limit"": 60}"
2025-10-22 15:23:19,control_received,"{""action"": ""priority_mode"", ""signal"": ""green"", ""speed_limit"": 30}"
2025-10-22 15:23:24,control_received,"{""action"": ""priority_mode"", ""signal"": ""green"", ""speed_limit"": 30}"
2025-10-22 15:23:29,control_received,"{""action"": ""normal"", ""speed_limit"": 60}"
2025-10-22 15:23:34,control_received,"{""action"": ""priority_mode"", ""signal"": ""green"", ""speed_limit"": 30}"
2025-10-22 15:23:39,control_received,"{""action"": ""reduce_speed"", ""speed_limit"": 45}"
2025-10-22 15:23:44,control_received,"{""action"": ""priority_mode"", ""signal"": ""green"", ""speed_limit"": 30}"
2025-10-22 15:23:49,control_received,"{""action"": ""normal"", ""speed_limit"": 60}"
2025-10-22 15:23:54,control_received,"{""action"": ""normal"", ""speed_limit"": 60}"
2025-10-22 15:23:59,control_received,"{""action"": ""normal"", ""speed_limit"": 60}"
2025-10-22 15:24:04,control_received,"{""action"": ""priority_mode"", ""signal"": ""green"", ""speed_limit"": 30}"
2025-10-22 15:24:09,control_received,"{""action"": ""normal"", ""speed_limit"": 60}"
2025-10-22 15:24:14,control_received,"{""action"": ""normal"", ""speed_limit"": 60}"
2025-10-22 15:24:19,control_received,"{""action"": ""priority_mode"", ""signal"": ""green"", ""speed_limit"": 30}"
2025-10-22 15:24:24,control_received,"{""action"": ""normal"", ""speed_limit"": 60}"
2025-10-22 15:24:29,control_received,"{""action"": ""priority_mode"", ""signal"": ""green"", ""speed_limit"": 30}"
2025-10-22 15:24:34,control_received,"{""action"": ""priority_mode"", ""signal"": ""green"", ""speed_limit"": 30}"
2025-10-22 15:24:39,control_received,"{""action"": ""normal"", ""speed_limit"": 60}"
2025-10-22 15:24:44,control_received,"{""action"": ""normal"", ""speed_limit"": 60}"
2025-10-22 15:24:49,control_received,"{""action"": ""priority_mode"", ""signal"": ""green"", ""speed_limit"": 30}"
2025-10-22 15:24:54,control_received,"{""action"": ""normal"", ""speed_limit"": 60}"
2025-10-22 15:24:59,control_received,"{""action"": ""reduce_speed"", ""speed_limit"": 45}"
2025-10-22 15:25:04,control_received,"{""action"": ""reduce_speed"", ""speed_limit"": 45}"
2025-10-22 15:25:09,control_received,"{""action"": ""priority_mode"", ""signal"": ""green"", ""speed_limit"": 30}"
2025-10-22 15:25:14,control_received,"{""action"": ""priority_mode"", ""signal"": ""green"", ""speed_limit"": 30}"
2025-10-22 15:25:19,control_received,"{""action"": ""reduce_speed"", ""speed_limit"": 45}"
2025-10-22 15:25:24,control_received,"{""action"": ""priority_mode"", ""signal"": ""green"", ""speed_limit"": 30}"
2025-10-22 15:25:29,control_received,"{""action"": ""normal"", ""speed_limit"": 60}"
2025-10-22 15:25:34,control_received,"{""action"": ""normal"", ""speed_limit"": 60}"
2025-10-22 15:25:39,control_received,"{""action"": ""normal"", ""speed_limit"": 60}"
2025-10-22 15:25:44,control_received,"{""action"": ""priority_mode"", ""signal"": ""green"", ""speed_limit"": 30}"
2025-10-22 15:25:49,control_received,"{""action"": ""reduce_speed"", ""speed_limit"": 45}"
2025-10-22 15:25:54,control_received,"{""action"": ""reduce_speed"", ""speed_limit"": 45}"
2025-10-22 15:25:59,control_received,"{""action"": ""reduce_speed"", ""speed_limit"": 45}"
2025-10-22 15:26:04,control_received,"{""action"": ""priority_mode"", ""signal"": ""green"", ""speed_limit"": 30}"
2025-10-22 15:26:09,control_received,"{""action"": ""priority_mode"", ""signal"": ""green"", ""speed_limit"": 30}"
2025-10-22 15:26:14,control_received,"{""action"": ""reduce_speed"", ""speed_limit"": 45}"
2025-10-22 15:26:19,control_received,"{""action"": ""priority_mode"", ""signal"": ""green"", ""speed_limit"": 30}"
2025-10-22 15:26:24,control_received,"{""action"": ""priority_mode"", ""signal"": ""green"", ""speed_limit"": 30}"
2025-10-22 15:26:29,control_received,"{""action"": ""normal"", ""speed_limit"": 60}"
2025-10-22 15:26:34,control_received,"{""action"": ""priority_mode"", ""signal"": ""green"", ""speed_limit"": 30}"
2025-10-22 15:26:39,control_received,"{""action"": ""reduce_speed"", ""speed_limit"": 45}"
2025-10-22 15:26:44,control_received,"{""action"": ""reduce_speed"", ""speed_limit"": 45}"
2025-10-22 15:26:49,control_received,"{""action"": ""priority_mode"", ""signal"": ""green"", ""speed_limit"": 30}"
2025-10-22 15:26:54,control_received,"{""action"": ""priority_mode"", ""signal"": ""green"", ""speed_limit"": 30}"
2025-10-22 15:26:59,control_received,"{""action"": ""priority_mode"", ""signal"": ""green"", ""speed_limit"": 30}"
2025-10-22 15:27:04,control_received,"{""action"": ""normal"", ""speed_limit"": 60}"
2025-10-22 15:27:09,control_received,"{""action"": ""normal"", ""speed_limit"": 60}"
2025-10-22 15:27:14,control_received,"{""action"": ""normal"", ""speed_limit"": 60}"
2025-10-22 15:27:19,control_received,"{""action"": ""normal"", ""speed_limit"": 60}"
2025-10-22 15:27:24,control_received,"{""action"": ""normal"", ""speed_limit"": 60}"
2025-10-22 15:27:29,control_received,"{""action"": ""normal"", ""speed_limit"": 60}"
2025-10-22 15:27:34,control_received,"{""action"": ""priority_mode"", ""signal"": ""green"", ""speed_limit"": 30}"
2025-10-22 15:27:39,control_received,"{""action"": ""normal"", ""speed_limit"": 60}"
2025-10-22 15:27:44,control_received,"{""action"": ""normal"", ""speed_limit"": 60}"
2025-10-22 15:27:44,control_received,"{""action"": ""normal"", ""speed_limit"": 60}"
2025-10-22 15:27:49,control_received,"{""action"": ""priority_mode"", ""signal"": ""green"", ""speed_limit"": 30}"
2025-10-22 15:27:54,control_received,"{""action"": ""normal"", ""speed_limit"": 60}"
2025-10-22 15:27:59,control_received,"{""action"": ""priority_mode"", ""signal"": ""green"", ""speed_limit"": 30}"
2025-10-22 15:28:04,control_received,"{""action"": ""normal"", ""speed_limit"": 60}"
2025-10-22 15:28:09,control_received,"{""action"": ""normal"", ""speed_limit"": 60}"
2025-10-22 15:28:14,control_received,"{""action"": ""priority_mode"", ""signal"": ""green"", ""speed_limit"": 30}"
2025-10-22 15:28:19,control_received,"{""action"": ""normal"", ""speed_limit"": 60}"
2025-10-22 15:28:24,control_received,"{""action"": ""reduce_speed"", ""speed_limit"": 45}"
2025-10-22 15:28:29,control_received,"{""action"": ""normal"", ""speed_limit"": 60}"
2025-10-22 15:28:34,control_received,"{""action"": ""priority_mode"", ""signal"": ""green"", ""speed_limit"": 30}"
2025-10-22 15:28:39,control_received,"{""action"": ""normal"", ""speed_limit"": 60}"
2025-10-22 15:28:44,control_received,"{""action"": ""normal"", ""speed_limit"": 60}"
2025-10-22 15:28:49,control_received,"{""action"": ""normal"", ""speed_limit"": 60}"
2025-10-22 15:28:54,control_received,"{""action"": ""priority_mode"", ""signal"": ""green"", ""speed_limit"": 30}"
2025-10-22 15:28:59,control_received,"{""action"": ""priority_mode"", ""signal"": ""green"", ""speed_limit"": 30}"
2025-10-22 15:29:04,control_received,"{""action"": ""normal"", ""speed_limit"": 60}"
2025-10-22 15:29:09,control_received,"{""action"": ""normal"", ""speed_limit"": 60}"
2025-10-22 15:29:14,control_received,"{""action"": ""priority_mode"", ""signal"": ""green"", ""speed_limit"": 30}"
2025-10-22 15:29:19,control_received,"{""action"": ""normal"", ""speed_limit"": 60}"
2025-10-22 15:29:24,control_received,"{""action"": ""reduce_speed"", ""speed_limit"": 45}"
2025-10-22 15:29:29,control_received,"{""action"": ""reduce_speed"", ""speed_limit"": 45}"
2025-10-22 15:29:34,control_received,"{""action"": ""priority_mode"", ""signal"": ""green"", ""speed_limit"": 30}"
2025-10-22 15:29:34,control_received,"{""action"": ""priority_mode"", ""signal"": ""green"", ""speed_limit"": 30}"
2025-10-22 15:29:39,control_received,"{""action"": ""normal"", ""speed_limit"": 60}"
2025-10-22 15:29:39,control_received,"{""action"": ""normal"", ""speed_limit"": 60}"
2025-10-22 15:29:44,control_received,"{""action"": ""normal"", ""speed_limit"": 60}"
2025-10-22 15:29:49,control_received,"{""action"": ""priority_mode"", ""signal"": ""green"", ""speed_limit"": 30}"
2025-10-22 15:29:54,control_received,"{""action"": ""priority_mode"", ""signal"": ""green"", ""speed_limit"": 30}"
2025-10-22 15:29:59,control_received,"{""action"": ""priority_mode"", ""signal"": ""green"", ""speed_limit"": 30}"
2025-10-22 15:30:04,control_received,"{""action"": ""priority_mode"", ""signal"": ""green"", ""speed_limit"": 30}"
2025-10-22 15:30:09,control_received,"{""action"": ""normal"", ""speed_limit"": 60}"
2025-10-22 15:30:14,control_received,"{""action"": ""normal"", ""speed_limit"": 60}"
2025-10-22 15:30:19,control_received,"{""action"": ""normal"", ""speed_limit"": 60}"
2025-10-22 15:30:24,control_received,"{""action"": ""normal"", ""speed_limit"": 60}"
2025-10-22 15:30:29,control_received,"{""action"": ""normal"", ""speed_limit"": 60}"
2025-10-22 15:30:34,control_received,"{""action"": ""priority_mode"", ""signal"": ""green"", ""speed_limit"": 30}"
2025-10-22 15:30:39,control_received,"{""action"": ""normal"", ""speed_limit"": 60}"
2025-10-22 15:30:44,control_received,"{""action"": ""normal"", ""speed_limit"": 60}"
2025-10-22 15:30:49,control_received,"{""action"": ""reduce_speed"", ""speed_limit"": 45}"
2025-10-22 15:30:54,control_received,"{""action"": ""normal"", ""speed_limit"": 60}"
2025-10-22 15:30:59,control_received,"{""action"": ""normal"", ""speed_limit"": 60}"
2025-10-22 15:31:04,control_received,"{""action"": ""priority_mode"", ""signal"": ""green"", ""speed_limit"": 30}"
2025-10-22 15:31:09,control_received,"{""action"": ""priority_mode"", ""signal"": ""green"", ""speed_limit"": 30}"
2025-10-22 15:31:14,control_received,"{""action"": ""normal"", ""speed_limit"": 60}"
2025-10-22 15:31:19,control_received,"{""action"": ""reduce_speed"", ""speed_limit"": 45}"
2025-10-22 15:31:24,control_received,"{""action"": ""normal"", ""speed_limit"": 60}"
2025-10-22 15:31:29,control_received,"{""action"": ""normal"", ""speed_limit"": 60}"
2025-10-22 15:31:34,control_received,"{""action"": ""priority_mode"", ""signal"": ""green"", ""speed_limit"": 30}"
2025-10-22 15:31:34,control_received,"{""action"": ""priority_mode"", ""signal"": ""green"", ""speed_limit"": 30}"
2025-10-22 15:31:39,control_received,"{""action"": ""priority_mode"", ""signal"": ""green"", ""speed_limit"": 30}"
2025-10-22 15:31:44,control_received,"{""action"": ""reduce_speed"", ""speed_limit"": 45}"
2025-10-22 15:31:49,control_received,"{""action"": ""normal"", ""speed_limit"": 60}"
2025-10-22 15:31:54,control_received,"{""action"": ""priority_mode"", ""signal"": ""green"", ""speed_limit"": 30}"
2025-10-22 15:31:59,control_received,"{""action"": ""normal"", ""speed_limit"": 60}"
2025-10-22 15:32:04,control_received,"{""action"": ""reduce_speed"", ""speed_limit"": 45}"
2025-10-22 15:32:09,control_received,"{""action"": ""normal"", ""speed_limit"": 60}"
2025-10-22 15:32:14,control_received,"{""action"": ""normal"", ""speed_limit"": 60}"
2025-10-22 15:32:19,control_received,"{""action"": ""normal"", ""speed_limit"": 60}"
2025-10-22 15:32:24,control_received,"{""action"": ""priority_mode"", ""signal"": ""green"", ""speed_limit"": 30}"
2025-10-22 15:32:29,control_received,"{""action"": ""normal"", ""speed_limit"": 60}"
2025-10-22 15:32:34,control_received,"{""action"": ""normal"", ""speed_limit"": 60}"
2025-10-22 15:32:39,control_received,"{""action"": ""priority_mode"", ""signal"": ""green"", ""speed_limit"": 30}"
2025-10-22 15:32:44,control_received,"{""action"": ""normal"", ""speed_limit"": 60}"
2025-10-22 15:32:49,control_received,"{""action"": ""normal"", ""speed_limit"": 60}"
2025-10-22 15:32:54,control_received,"{""action"": ""normal"", ""speed_limit"": 60}"
2025-10-22 15:32:59,control_received,"{""action"": ""normal"", ""speed_limit"": 60}"
2025-10-22 15:33:04,control_received,"{""action"": ""normal"", ""speed_limit"": 60}"
2025-10-22 15:33:09,control_received,"{""action"": ""priority_mode"", ""signal"": ""green"", ""speed_limit"": 30}"
2025-10-22 15:33:14,control_received,"{""action"": ""normal"", ""speed_limit"": 60}"
2025-10-22 15:33:19,control_received,"{""action"": ""normal"", ""speed_limit"": 60}"
2025-10-22 15:33:24,control_received,"{""action"": ""reduce_speed"", ""speed_limit"": 45}"
2025-10-22 15:33:29,control_received,"{""action"": ""normal"", ""speed_limit"": 60}"
2025-10-22 15:33:34,control_received,"{""action"": ""priority_mode"", ""signal"": ""green"", ""speed_limit"": 30}"
2025-10-22 15:33:39,control_received,"{""action"": ""normal"", ""speed_limit"": 60}"
2025-10-22 15:33:44,control_received,"{""action"": ""normal"", ""speed_limit"": 60}"
2025-10-22 15:33:49,control_received,"{""action"": ""normal"", ""speed_limit"": 60}"
2025-10-22 15:33:54,control_received,"{""action"": ""normal"", ""speed_limit"": 60}"
2025-10-22 15:33:59,control_received,"{""action"": ""priority_mode"", ""signal"": ""green"", ""speed_limit"": 30}"
2025-10-22 15:34:04,control_received,"{""action"": ""normal"", ""speed_limit"": 60}"
2025-10-22 15:34:09,control_received,"{""action"": ""normal"", ""speed_limit"": 60}"
2025-10-22 15:34:14,control_received,"{""action"": ""reduce_speed"", ""speed_limit"": 45}"
2025-10-22 15:34:19,control_received,"{""action"": ""normal"", ""speed_limit"": 60}"
2025-10-22 15:34:24,control_received,"{""action"": ""normal"", ""speed_limit"": 60}"
2025-10-22 15:34:29,control_received,"{""action"": ""normal"", ""speed_limit"": 60}"
2025-10-22 15:34:29,control_received,"{""action"": ""normal"", ""speed_limit"": 60}"
2025-10-22 15:34:34,control_received,"{""action"": ""priority_mode"", ""signal"": ""green"", ""speed_limit"": 30}"
2025-10-22 15:34:34,control_received,"{""action"": ""priority_mode"", ""signal"": ""green"", ""speed_limit"": 30}"
2025-10-22 15:34:39,control_received,"{""action"": ""priority_mode"", ""signal"": ""green"", ""speed_limit"": 30}"
2025-10-22 15:34:44,control_received,"{""action"": ""priority_mode"", ""signal"": ""green"", ""speed_limit"": 30}"
2025-10-22 15:34:49,control_received,"{""action"": ""priority_mode"", ""signal"": ""green"", ""speed_limit"": 30}"
2025-10-22 15:34:54,control_received,"{""action"": ""priority_mode"", ""signal"": ""green"", ""speed_limit"": 30}"
2025-10-22 15:34:59,control_received,"{""action"": ""normal"", ""speed_limit"": 60}"
2025-10-22 15:35:04,control_received,"{""action"": ""normal"", ""speed_limit"": 60}"
2025-10-22 15:35:09,control_received,"{""action"": ""normal"", ""speed_limit"": 60}"
2025-10-22 15:35:14,control_received,"{""action"": ""priority_mode"", ""signal"": ""green"", ""speed_limit"": 30}"
2025-10-22 15:35:19,control_received,"{""action"": ""normal"", ""speed_limit"": 60}"
2025-10-22 15:35:24,control_received,"{""action"": ""priority_mode"", ""signal"": ""green"", ""speed_limit"": 30}"
2025-10-22 15:35:29,control_received,"{""action"": ""priority_mode"", ""signal"": ""green"", ""speed_limit"": 30}"
2025-10-22 15:35:34,control_received,"{""action"": ""normal"", ""speed_limit"": 60}"
2025-10-22 15:35:39,control_received,"{""action"": ""priority_mode"", ""signal"": ""green"", ""speed_limit"": 30}"
2025-10-22 15:35:44,control_received,"{""action"": ""reduce_speed"", ""speed_limit"": 45}"
2025-10-22 15:35:49,control_received,"{""action"": ""normal"", ""speed_limit"": 60}"
2025-10-22 15:35:54,control_received,"{""action"": ""priority_mode"", ""signal"": ""green"", ""speed_limit"": 30}"
2025-10-22 15:35:59,control_received,"{""action"": ""priority_mode"", ""signal"": ""green"", ""speed_limit"": 30}"
2025-10-22 15:36:04,control_received,"{""action"": ""normal"", ""speed_limit"": 60}"
2025-10-22 15:36:09,control_received,"{""action"": ""normal"", ""speed_limit"": 60}"
2025-10-22 15:36:14,control_received,"{""action"": ""normal"", ""speed_limit"": 60}"
2025-10-22 15:36:19,control_received,"{""action"": ""normal"", ""speed_limit"": 60}"
2025-10-22 15:36:24,control_received,"{""action"": ""normal"", ""speed_limit"": 60}"
2025-10-22 15:36:29,control_received,"{""action"": ""priority_mode"", ""signal"": ""green"", ""speed_limit"": 30}"
2025-10-22 15:36:34,control_received,"{""action"": ""normal"", ""speed_limit"": 60}"
2025-10-22 15:36:39,control_received,"{""action"": ""reduce_speed"", ""speed_limit"": 45}"
2025-10-22 15:36:44,control_received,"{""action"": ""normal"", ""speed_limit"": 60}"
2025-10-22 15:36:49,control_received,"{""action"": ""normal"", ""speed_limit"": 60}"
2025-10-22 15:36:54,control_received,"{""action"": ""priority_mode"", ""signal"": ""green"", ""speed_limit"": 30}"
2025-10-22 15:36:59,control_received,"{""action"": ""normal"", ""speed_limit"": 60}"
2025-10-22 15:37:04,control_received,"{""action"": ""normal"", ""speed_limit"": 60}"
2025-10-22 15:37:09,control_received,"{""action"": ""normal"", ""speed_limit"": 60}"
2025-10-22 15:37:14,control_received,"{""action"": ""priority_mode"", ""signal"": ""green"", ""speed_limit"": 30}"
2025-10-22 15:37:19,control_received,"{""action"": ""normal"", ""speed_limit"": 60}"
2025-10-22 15:37:24,control_received,"{""action"": ""normal"", ""speed_limit"": 60}"
2025-10-22 15:37:29,control_received,"{""action"": ""priority_mode"", ""signal"": ""green"", ""speed_limit"": 30}"
2025-10-22 15:37:34,control_received,"{""action"": ""normal"", ""speed_limit"": 60}"
2025-10-22 15:37:39,control_received,"{""action"": ""normal"", ""speed_limit"": 60}"
2025-10-22 15:37:44,control_received,"{""action"": ""normal"", ""speed_limit"": 60}"
2025-10-22 15:37:49,control_received,"{""action"": ""normal"", ""speed_limit"": 60}"
2025-10-22 15:37:54,control_received,"{""action"": ""normal"", ""speed_limit"": 60}"
2025-10-22 15:37:59,control_received,"{""action"": ""normal"", ""speed_limit"": 60}"
2025-10-22 15:38:04,control_received,"{""action"": ""normal"", ""speed_limit"": 60}"
2025-10-22 15:38:09,control_received,"{""action"": ""priority_mode"", ""signal"": ""green"", ""speed_limit"": 30}"
2025-10-22 15:38:14,control_received,"{""action"": ""normal"", ""speed_limit"": 60}"
2025-10-22 15:38:19,control_received,"{""action"": ""priority_mode"", ""signal"": ""green"", ""speed_limit"": 30}"
2025-10-22 15:38:24,control_received,"{""action"": ""normal"", ""speed_limit"": 60}"
2025-10-22 15:38:29,control_received,"{""action"": ""normal"", ""speed_limit"": 60}"
2025-10-22 15:38:34,control_received,"{""action"": ""reduce_speed"", ""speed_limit"": 45}"
2025-10-22 15:38:34,control_received,"{""action"": ""reduce_speed"", ""speed_limit"": 45}"
2025-10-22 15:38:39,control_received,"{""action"": ""normal"", ""speed_limit"": 60}"
2025-10-22 15:38:44,control_received,"{""action"": ""priority_mode"", ""signal"": ""green"", ""speed_limit"": 30}"
2025-10-22 15:38:49,control_received,"{""action"": ""priority_mode"", ""signal"": ""green"", ""speed_limit"": 30}"
2025-10-22 15:38:54,control_received,"{""action"": ""normal"", ""speed_limit"": 60}"
2025-10-22 15:38:59,control_received,"{""action"": ""normal"", ""speed_limit"": 60}"
2025-10-22 15:39:04,control_received,"{""action"": ""normal"", ""speed_limit"": 60}"
2025-10-22 15:39:09,control_received,"{""action"": ""normal"", ""speed_limit"": 60}"
2025-10-22 15:39:14,control_received,"{""action"": ""priority_mode"", ""signal"": ""green"", ""speed_limit"": 30}"
2025-10-22 15:39:19,control_received,"{""action"": ""normal"", ""speed_limit"": 60}"
2025-10-22 15:39:24,control_received,"{""action"": ""normal"", ""speed_limit"": 60}"
2025-10-22 15:39:29,control_received,"{""action"": ""normal"", ""speed_limit"": 60}"
2025-10-22 15:39:34,control_received,"{""action"": ""normal"", ""speed_limit"": 60}"
2025-10-22 15:39:39,control_received,"{""action"": ""priority_mode"", ""signal"": ""green"", ""speed_limit"": 30}"
2025-10-22 15:39:44,control_received,"{""action"": ""priority_mode"", ""signal"": ""green"", ""speed_limit"": 30}"
2025-10-22 15:39:49,control_received,"{""action"": ""priority_mode"", ""signal"": ""green"", ""speed_limit"": 30}"
2025-10-22 15:39:54,control_received,"{""action"": ""reduce_speed"", ""speed_limit"": 45}"
2025-10-22 15:39:59,control_received,"{""action"": ""normal"", ""speed_limit"": 60}"
2025-10-22 15:40:04,control_received,"{""action"": ""normal"", ""speed_limit"": 60}"
2025-10-22 15:40:09,control_received,"{""action"": ""reduce_speed"", ""speed_limit"": 45}"
2025-10-22 15:40:14,control_received,"{""action"": ""normal"", ""speed_limit"": 60}"
2025-10-22 15:40:19,control_received,"{""action"": ""priority_mode"", ""signal"": ""green"", ""speed_limit"": 30}"
2025-10-22 15:40:24,control_received,"{""action"": ""priority_mode"", ""signal"": ""green"", ""speed_limit"": 30}"
2025-10-22 15:40:29,control_received,"{""action"": ""priority_mode"", ""signal"": ""green"", ""speed_limit"": 30}"
2025-10-22 15:40:34,control_received,"{""action"": ""normal"", ""speed_limit"": 60}"
2025-10-22 15:40:39,control_received,"{""action"": ""normal"", ""speed_limit"": 60}"
2025-10-22 15:40:44,control_received,"{""action"": ""normal"", ""speed_limit"": 60}"
2025-10-22 15:40:49,control_received,"{""action"": ""priority_mode"", ""signal"": ""green"", ""speed_limit"": 30}"
2025-10-22 15:40:54,control_received,"{""action"": ""priority_mode"", ""signal"": ""green"", ""speed_limit"": 30}"
2025-10-22 15:40:59,control_received,"{""action"": ""normal"", ""speed_limit"": 60}"
2025-10-22 15:41:04,control_received,"{""action"": ""reduce_speed"", ""speed_limit"": 45}"
2025-10-22 15:41:09,control_received,"{""action"": ""reduce_speed"", ""speed_limit"": 45}"
2025-10-22 15:41:14,control_received,"{""action"": ""normal"", ""speed_limit"": 60}"
2025-10-22 15:41:19,control_received,"{""action"": ""priority_mode"", ""signal"": ""green"", ""speed_limit"": 30}"
2025-10-22 15:41:24,control_received,"{""action"": ""reduce_speed"", ""speed_limit"": 45}"
2025-10-22 15:41:29,control_received,"{""action"": ""priority_mode"", ""signal"": ""green"", ""speed_limit"": 30}"
2025-10-22 15:41:34,control_received,"{""action"": ""normal"", ""speed_limit"": 60}"
2025-10-22 15:41:39,control_received,"{""action"": ""normal"", ""speed_limit"": 60}"
2025-10-22 15:41:39,control_received,"{""action"": ""normal"", ""speed_limit"": 60}"
2025-10-22 15:41:44,control_received,"{""action"": ""normal"", ""speed_limit"": 60}"
2025-10-22 15:41:49,control_received,"{""action"": ""normal"", ""speed_limit"": 60}"
2025-10-22 15:41:54,control_received,"{""action"": ""normal"", ""speed_limit"": 60}"
2025-10-22 15:41:59,control_received,"{""action"": ""normal"", ""speed_limit"": 60}"
2025-10-22 15:42:04,control_received,"{""action"": ""normal"", ""speed_limit"": 60}"
2025-10-22 15:42:09,control_received,"{""action"": ""reduce_speed"", ""speed_limit"": 45}"
2025-10-22 15:42:14,control_received,"{""action"": ""reduce_speed"", ""speed_limit"": 45}"
2025-10-22 15:42:19,control_received,"{""action"": ""priority_mode"", ""signal"": ""green"", ""speed_limit"": 30}"
2025-10-22 15:42:24,control_received,"{""action"": ""normal"", ""speed_limit"": 60}"
2025-10-22 15:42:29,control_received,"{""action"": ""priority_mode"", ""signal"": ""green"", ""speed_limit"": 30}"
2025-10-22 15:42:34,control_received,"{""action"": ""priority_mode"", ""signal"": ""green"", ""speed_limit"": 30}"
2025-10-22 15:42:39,control_received,"{""action"": ""normal"", ""speed_limit"": 60}"
2025-10-22 15:42:44,control_received,"{""action"": ""normal"", ""speed_limit"": 60}"
2025-10-22 15:42:49,control_received,"{""action"": ""normal"", ""speed_limit"": 60}"
2025-10-22 15:42:54,control_received,"{""action"": ""priority_mode"", ""signal"": ""green"", ""speed_limit"": 30}"
2025-10-22 15:42:59,control_received,"{""action"": ""normal"", ""speed_limit"": 60}"
2025-10-22 15:43:04,control_received,"{""action"": ""normal"", ""speed_limit"": 60}"
2025-10-22 15:43:09,control_received,"{""action"": ""normal"", ""speed_limit"": 60}"
2025-10-22 15:43:14,control_received,"{""action"": ""reduce_speed"", ""speed_limit"": 45}"
2025-10-22 15:43:19,control_received,"{""action"": ""priority_mode"", ""signal"": ""green"", ""speed_limit"": 30}"
2025-10-22 15:43:24,control_received,"{""action"": ""normal"", ""speed_limit"": 60}"
2025-10-22 15:43:29,control_received,"{""action"": ""normal"", ""speed_limit"": 60}"
2025-10-22 15:43:29,control_received,"{""action"": ""normal"", ""speed_limit"": 60}"
2025-10-22 15:43:34,control_received,"{""action"": ""normal"", ""speed_limit"": 60}"
2025-10-22 15:43:39,control_received,"{""action"": ""normal"", ""speed_limit"": 60}"
2025-10-22 15:43:44,control_received,"{""action"": ""normal"", ""speed_limit"": 60}"
2025-10-22 15:43:49,control_received,"{""action"": ""priority_mode"", ""signal"": ""green"", ""speed_limit"": 30}"
2025-10-22 15:43:54,control_received,"{""action"": ""normal"", ""speed_limit"": 60}"
2025-10-22 15:43:59,control_received,"{""action"": ""priority_mode"", ""signal"": ""green"", ""speed_limit"": 30}"
2025-10-22 15:44:04,control_received,"{""action"": ""normal"", ""speed_limit"": 60}"
2025-10-22 15:44:09,control_received,"{""action"": ""normal"", ""speed_limit"": 60}"
2025-10-22 15:44:14,control_received,"{""action"": ""normal"", ""speed_limit"": 60}"
2025-10-22 15:44:19,control_received,"{""action"": ""reduce_speed"", ""speed_limit"": 45}"
2025-10-22 15:44:24,control_received,"{""action"": ""reduce_speed"", ""speed_limit"": 45}"
2025-10-22 15:44:29,control_received,"{""action"": ""priority_mode"", ""signal"": ""green"", ""speed_limit"": 30}"
2025-10-22 15:44:29,control_received,"{""action"": ""priority_mode"", ""signal"": ""green"", ""speed_limit"": 30}"
2025-10-22 15:44:34,control_received,"{""action"": ""normal"", ""speed_limit"": 60}"
2025-10-22 15:44:39,control_received,"{""action"": ""normal"", ""speed_limit"": 60}"
2025-10-22 15:44:44,control_received,"{""action"": ""normal"", ""speed_limit"": 60}"
2025-10-22 15:44:49,control_received,"{""action"": ""priority_mode"", ""signal"": ""green"", ""speed_limit"": 30}"
2025-10-22 15:44:54,control_received,"{""action"": ""normal"", ""speed_limit"": 60}"
2025-10-22 15:44:59,control_received,"{""action"": ""normal"", ""speed_limit"": 60}"
2025-10-22 15:45:04,control_received,"{""action"": ""normal"", ""speed_limit"": 60}"
2025-10-22 15:45:09,control_received,"{""action"": ""normal"", ""speed_limit"": 60}"
2025-10-22 15:45:14,control_received,"{""action"": ""priority_mode"", ""signal"": ""green"", ""speed_limit"": 30}"
2025-10-22 15:45:19,control_received,"{""action"": ""normal"", ""speed_limit"": 60}"
2025-10-22 15:45:24,control_received,"{""action"": ""priority_mode"", ""signal"": ""green"", ""speed_limit"": 30}"
2025-10-22 15:45:29,control_received,"{""action"": ""normal"", ""speed_limit"": 60}"
2025-10-22 15:45:34,control_received,"{""action"": ""normal"", ""speed_limit"": 60}"
2025-10-22 15:45:39,control_received,"{""action"": ""priority_mode"", ""signal"": ""green"", ""speed_limit"": 30}"
2025-10-22 15:45:39,control_received,"{""action"": ""priority_mode"", ""signal"": ""green"", ""speed_limit"": 30}"
2025-10-22 15:45:44,control_received,"{""action"": ""normal"", ""speed_limit"": 60}"
2025-10-22 15:45:49,control_received,"{""action"": ""reduce_speed"", ""speed_limit"": 45}"
2025-10-22 15:45:49,control_received,"{""action"": ""reduce_speed"", ""speed_limit"": 45}"
2025-10-22 15:45:54,control_received,"{""action"": ""priority_mode"", ""signal"": ""green"", ""speed_limit"": 30}"
2025-10-22 15:45:59,control_received,"{""action"": ""normal"", ""speed_limit"": 60}"
2025-10-22 15:46:04,control_received,"{""action"": ""normal"", ""speed_limit"": 60}"
2025-10-22 15:46:09,control_received,"{""action"": ""normal"", ""speed_limit"": 60}"
2025-10-22 15:46:14,control_received,"{""action"": ""priority_mode"", ""signal"": ""green"", ""speed_limit"": 30}"
2025-10-22 15:46:19,control_received,"{""action"": ""normal"", ""speed_limit"": 60}"
2025-10-22 15:46:24,control_received,"{""action"": ""normal"", ""speed_limit"": 60}"
2025-10-22 15:46:29,control_received,"{""action"": ""normal"", ""speed_limit"": 60}"
2025-10-22 15:46:34,control_received,"{""action"": ""priority_mode"", ""signal"": ""green"", ""speed_limit"": 30}"
2025-10-22 15:46:39,control_received,"{""action"": ""normal"", ""speed_limit"": 60}"
2025-10-22 15:46:44,control_received,"{""action"": ""normal"", ""speed_limit"": 60}"
2025-10-22 15:46:49,control_received,"{""action"": ""normal"", ""speed_limit"": 60}"
2025-10-22 15:46:54,control_received,"{""action"": ""priority_mode"", ""signal"": ""green"", ""speed_limit"": 30}"
2025-10-22 15:46:59,control_received,"{""action"": ""normal"", ""speed_limit"": 60}"
2025-10-22 15:47:04,control_received,"{""action"": ""normal"", ""speed_limit"": 60}"
2025-10-22 15:47:09,control_received,"{""action"": ""priority_mode"", ""signal"": ""green"", ""speed_limit"": 30}"
2025-10-22 15:47:14,control_received,"{""action"": ""priority_mode"", ""signal"": ""green"", ""speed_limit"": 30}"
2025-10-22 15:47:19,control_received,"{""action"": ""priority_mode"", ""signal"": ""green"", ""speed_limit"": 30}"
2025-10-22 15:47:24,control_received,"{""action"": ""priority_mode"", ""signal"": ""green"", ""speed_limit"": 30}"
2025-10-22 15:47:29,control_received,"{""action"": ""normal"", ""speed_limit"": 60}"
2025-10-22 15:47:34,control_received,"{""action"": ""normal"", ""speed_limit"": 60}"
2025-10-22 15:47:39,control_received,"{""action"": ""priority_mode"", ""signal"": ""green"", ""speed_limit"": 30}"
2025-10-22 15:47:44,control_received,"{""action"": ""priority_mode"", ""signal"": ""green"", ""speed_limit"": 30}"
2025-10-22 15:47:49,control_received,"{""action"": ""reduce_speed"", ""speed_limit"": 45}"
2025-10-22 15:47:54,control_received,"{""action"": ""normal"", ""speed_limit"": 60}"
2025-10-22 15:47:59,control_received,"{""action"": ""priority_mode"", ""signal"": ""green"", ""speed_limit"": 30}"
2025-10-22 15:48:04,control_received,"{""action"": ""reduce_speed"", ""speed_limit"": 45}"
2025-10-22 15:48:09,control_received,"{""action"": ""normal"", ""speed_limit"": 60}"
2025-10-22 15:48:14,control_received,"{""action"": ""priority_mode"", ""signal"": ""green"", ""speed_limit"": 30}"
2025-10-22 15:48:19,control_received,"{""action"": ""priority_mode"", ""signal"": ""green"", ""speed_limit"": 30}"
2025-10-22 15:48:24,control_received,"{""action"": ""normal"", ""speed_limit"": 60}"
2025-10-22 15:48:29,control_received,"{""action"": ""reduce_speed"", ""speed_limit"": 45}"
2025-10-22 15:48:34,control_received,"{""action"": ""priority_mode"", ""signal"": ""green"", ""speed_limit"": 30}"
2025-10-22 15:48:39,control_received,"{""action"": ""priority_mode"", ""signal"": ""green"", ""speed_limit"": 30}"
2025-10-22 15:48:44,control_received,"{""action"": ""normal"", ""speed_limit"": 60}"
2025-10-22 15:48:49,control_received,"{""action"": ""priority_mode"", ""signal"": ""green"", ""speed_limit"": 30}"
2025-10-22 15:48:54,control_received,"{""action"": ""normal"", ""speed_limit"": 60}"
2025-10-22 15:48:59,control_received,"{""action"": ""priority_mode"", ""signal"": ""green"", ""speed_limit"": 30}"
2025-10-22 15:49:04,control_received,"{""action"": ""normal"", ""speed_limit"": 60}"
2025-10-22 15:49:09,control_received,"{""action"": ""normal"", ""speed_limit"": 60}"
2025-10-22 15:49:14,control_received,"{""action"": ""priority_mode"", ""signal"": ""green"", ""speed_limit"": 30}"
2025-10-22 15:49:19,control_received,"{""action"": ""priority_mode"", ""signal"": ""green"", ""speed_limit"": 30}"
2025-10-22 15:49:24,control_received,"{""action"": ""priority_mode"", ""signal"": ""green"", ""speed_limit"": 30}"
2025-10-22 15:49:24,control_received,"{""action"": ""priority_mode"", ""signal"": ""green"", ""speed_limit"": 30}"
2025-10-22 15:49:29,control_received,"{""action"": ""normal"", ""speed_limit"": 60}"
2025-10-22 15:49:34,control_received,"{""action"": ""normal"", ""speed_limit"": 60}"
2025-10-22 15:49:39,control_received,"{""action"": ""normal"", ""speed_limit"": 60}"
2025-10-22 15:49:44,control_received,"{""action"": ""normal"", ""speed_limit"": 60}"
2025-10-22 15:49:49,control_received,"{""action"": ""normal"", ""speed_limit"": 60}"
2025-10-22 15:49:54,control_received,"{""action"": ""reduce_speed"", ""speed_limit"": 45}"
2025-10-22 15:49:59,control_received,"{""action"": ""priority_mode"", ""signal"": ""green"", ""speed_limit"": 30}"
2025-10-22 15:50:04,control_received,"{""action"": ""normal"", ""speed_limit"": 60}"
2025-10-22 15:50:09,control_received,"{""action"": ""priority_mode"", ""signal"": ""green"", ""speed_limit"": 30}"
2025-10-22 15:50:14,control_received,"{""action"": ""normal"", ""speed_limit"": 60}"
2025-10-22 15:50:19,control_received,"{""action"": ""priority_mode"", ""signal"": ""green"", ""speed_limit"": 30}"
2025-10-22 15:50:24,control_received,"{""action"": ""reduce_speed"", ""speed_limit"": 45}"
2025-10-22 15:50:29,control_received,"{""action"": ""normal"", ""speed_limit"": 60}"
2025-10-22 15:50:34,control_received,"{""action"": ""normal"", ""speed_limit"": 60}"
2025-10-22 15:50:39,control_received,"{""action"": ""normal"", ""speed_limit"": 60}"
2025-10-22 15:50:44,control_received,"{""action"": ""priority_mode"", ""signal"": ""green"", ""speed_limit"": 30}"
2025-10-22 15:50:49,control_received,"{""action"": ""normal"", ""speed_limit"": 60}"
2025-10-22 15:50:54,control_received,"{""action"": ""normal"", ""speed_limit"": 60}"
2025-10-22 15:50:59,control_received,"{""action"": ""reduce_speed"", ""speed_limit"": 45}"
2025-10-22 15:51:04,control_received,"{""action"": ""priority_mode"", ""signal"": ""green"", ""speed_limit"": 30}"
2025-10-22 15:51:09,control_received,"{""action"": ""normal"", ""speed_limit"": 60}"
2025-10-22 15:51:14,control_received,"{""action"": ""normal"", ""speed_limit"": 60}"
2025-10-22 15:51:19,control_received,"{""action"": ""priority_mode"", ""signal"": ""green"", ""speed_limit"": 30}"
2025-10-22 15:51:24,control_received,"{""action"": ""normal"", ""speed_limit"": 60}"
2025-10-22 15:51:29,control_received,"{""action"": ""normal"", ""speed_limit"": 60}"
2025-10-22 15:51:34,control_received,"{""action"": ""priority_mode"", ""signal"": ""green"", ""speed_limit"": 30}"
2025-10-22 15:51:39,control_received,"{""action"": ""priority_mode"", ""signal"": ""green"", ""speed_limit"": 30}"
2025-10-22 15:51:39,control_received,"{""action"": ""priority_mode"", ""signal"": ""green"", ""speed_limit"": 30}"
2025-10-22 15:51:44,control_received,"{""action"": ""priority_mode"", ""signal"": ""green"", ""speed_limit"": 30}"
2025-10-22 15:51:49,control_received,"{""action"": ""priority_mode"", ""signal"": ""green"", ""speed_limit"": 30}"
2025-10-22 15:51:54,control_received,"{""action"": ""priority_mode"", ""signal"": ""green"", ""speed_limit"": 30}"
2025-10-22 15:51:59,control_received,"{""action"": ""normal"", ""speed_limit"": 60}"
2025-10-22 15:52:04,control_received,"{""action"": ""normal"", ""speed_limit"": 60}"
2025-10-22 15:52:09,control_received,"{""action"": ""priority_mode"", ""signal"": ""green"", ""speed_limit"": 30}"
2025-10-22 15:52:14,control_received,"{""action"": ""priority_mode"", ""signal"": ""green"", ""speed_limit"": 30}"
2025-10-22 15:52:19,control_received,"{""action"": ""normal"", ""speed_limit"": 60}"
2025-10-22 15:52:24,control_received,"{""action"": ""normal"", ""speed_limit"": 60}"
2025-10-22 15:52:29,control_received,"{""action"": ""priority_mode"", ""signal"": ""green"", ""speed_limit"": 30}"
2025-10-22 15:52:34,control_received,"{""action"": ""normal"", ""speed_limit"": 60}"
2025-10-22 15:52:39,control_received,"{""action"": ""priority_mode"", ""signal"": ""green"", ""speed_limit"": 30}"
2025-10-22 15:52:44,control_received,"{""action"": ""priority_mode"", ""signal"": ""green"", ""speed_limit"": 30}"
2025-10-22 15:52:49,control_received,"{""action"": ""normal"", ""speed_limit"": 60}"
2025-10-22 15:52:54,control_received,"{""action"": ""normal"", ""speed_limit"": 60}"
2025-10-22 15:52:59,control_received,"{""action"": ""normal"", ""speed_limit"": 60}"
2025-10-22 15:53:04,control_received,"{""action"": ""normal"", ""speed_limit"": 60}"
2025-10-22 15:53:09,control_received,"{""action"": ""priority_mode"", ""signal"": ""green"", ""speed_limit"": 30}"
2025-10-22 15:53:14,control_received,"{""action"": ""normal"", ""speed_limit"": 60}"
2025-10-22 15:53:19,control_received,"{""action"": ""normal"", ""speed_limit"": 60}"
2025-10-22 15:53:24,control_received,"{""action"": ""normal"", ""speed_limit"": 60}"
2025-10-22 15:53:29,control_received,"{""action"": ""normal"", ""speed_limit"": 60}"
2025-10-22 15:53:34,control_received,"{""action"": ""priority_mode"", ""signal"": ""green"", ""speed_limit"": 30}"
2025-10-22 15:53:39,control_received,"{""action"": ""priority_mode"", ""signal"": ""green"", ""speed_limit"": 30}"
2025-10-22 15:53:44,control_received,"{""action"": ""normal"", ""speed_limit"": 60}"
2025-10-22 15:53:49,control_received,"{""action"": ""priority_mode"", ""signal"": ""green"", ""speed_limit"": 30}"
2025-10-22 15:53:54,control_received,"{""action"": ""normal"", ""speed_limit"": 60}"
2025-10-22 15:53:59,control_received,"{""action"": ""reduce_speed"", ""speed_limit"": 45}"
2025-10-22 15:54:04,control_received,"{""action"": ""normal"", ""speed_limit"": 60}"
2025-10-22 15:54:09,control_received,"{""action"": ""priority_mode"", ""signal"": ""green"", ""speed_limit"": 30}"
2025-10-22 15:54:14,control_received,"{""action"": ""normal"", ""speed_limit"": 60}"
2025-10-22 15:54:19,control_received,"{""action"": ""normal"", ""speed_limit"": 60}"
2025-10-22 15:54:24,control_received,"{""action"": ""normal"", ""speed_limit"": 60}"
2025-10-22 15:54:29,control_received,"{""action"": ""reduce_speed"", ""speed_limit"": 45}"
2025-10-22 15:54:34,control_received,"{""action"": ""reduce_speed"", ""speed_limit"": 45}"
2025-10-22 15:54:39,control_received,"{""action"": ""normal"", ""speed_limit"": 60}"
2025-10-22 15:54:44,control_received,"{""action"": ""priority_mode"", ""signal"": ""green"", ""speed_limit"": 30}"
2025-10-22 15:54:49,control_received,"{""action"": ""priority_mode"", ""signal"": ""green"", ""speed_limit"": 30}"
2025-10-22 15:54:54,control_received,"{""action"": ""normal"", ""speed_limit"": 60}"
2025-10-22 15:54:59,control_received,"{""action"": ""normal"", ""speed_limit"": 60}"
2025-10-22 15:55:04,control_received,"{""action"": ""normal"", ""speed_limit"": 60}"
2025-10-22 15:55:09,control_received,"{""action"": ""priority_mode"", ""signal"": ""green"", ""speed_limit"": 30}"
2025-10-22 15:55:14,control_received,"{""action"": ""priority_mode"", ""signal"": ""green"", ""speed_limit"": 30}"
2025-10-22 15:55:19,control_received,"{""action"": ""priority_mode"", ""signal"": ""green"", ""speed_limit"": 30}"
2025-10-22 15:55:24,control_received,"{""action"": ""normal"", ""speed_limit"": 60}"
2025-10-22 15:55:29,control_received,"{""action"": ""normal"", ""speed_limit"": 60}"
2025-10-22 15:55:34,control_received,"{""action"": ""priority_mode"", ""signal"": ""green"", ""speed_limit"": 30}"
2025-10-22 15:55:39,control_received,"{""action"": ""priority_mode"", ""signal"": ""green"", ""speed_limit"": 30}"
2025-10-22 15:55:44,control_received,"{""action"": ""reduce_speed"", ""speed_limit"": 45}"
2025-10-22 15:55:49,control_received,"{""action"": ""normal"", ""speed_limit"": 60}"
2025-10-22 15:55:55,control_received,"{""action"": ""normal"", ""speed_limit"": 60}"
2025-10-22 15:55:59,control_received,"{""action"": ""normal"", ""speed_limit"": 60}"
2025-10-22 15:56:04,control_received,"{""action"": ""normal"", ""speed_limit"": 60}"
2025-10-22 15:56:09,control_received,"{""action"": ""reduce_speed"", ""speed_limit"": 45}"
2025-10-22 15:56:14,control_received,"{""action"": ""normal"", ""speed_limit"": 60}"
2025-10-22 15:56:19,control_received,"{""action"": ""normal"", ""speed_limit"": 60}"
2025-10-22 15:56:24,control_received,"{""action"": ""priority_mode"", ""signal"": ""green"", ""speed_limit"": 30}"
2025-10-22 15:56:29,control_received,"{""action"": ""reduce_speed"", ""speed_limit"": 45}"
2025-10-22 15:56:29,control_received,"{""action"": ""reduce_speed"", ""speed_limit"": 45}"
2025-10-22 15:56:34,control_received,"{""action"": ""reduce_speed"", ""speed_limit"": 45}"
2025-10-22 15:56:39,control_received,"{""action"": ""normal"", ""speed_limit"": 60}"
2025-10-22 15:56:44,control_received,"{""action"": ""normal"", ""speed_limit"": 60}"
2025-10-22 15:56:49,control_received,"{""action"": ""normal"", ""speed_limit"": 60}"
2025-10-22 15:56:54,control_received,"{""action"": ""priority_mode"", ""signal"": ""green"", ""speed_limit"": 30}"
2025-10-22 15:56:54,control_received,"{""action"": ""priority_mode"", ""signal"": ""green"", ""speed_limit"": 30}"
2025-10-22 15:56:59,control_received,"{""action"": ""normal"", ""speed_limit"": 60}"
2025-10-22 15:57:04,control_received,"{""action"": ""normal"", ""speed_limit"": 60}"
2025-10-22 15:57:04,control_received,"{""action"": ""normal"", ""speed_limit"": 60}"
2025-10-22 15:57:09,control_received,"{""action"": ""normal"", ""speed_limit"": 60}"
2025-10-22 15:57:09,control_received,"{""action"": ""normal"", ""speed_limit"": 60}"
2025-10-22 15:57:14,control_received,"{""action"": ""priority_mode"", ""signal"": ""green"", ""speed_limit"": 30}"
2025-10-22 15:57:19,control_received,"{""action"": ""normal"", ""speed_limit"": 60}"
2025-10-22 15:57:24,control_received,"{""action"": ""priority_mode"", ""signal"": ""green"", ""speed_limit"": 30}"
2025-10-22 15:57:29,control_received,"{""action"": ""priority_mode"", ""signal"": ""green"", ""speed_limit"": 30}"
